key,value
train_dir,/home2/ai/data/detection/outdoor_corridor/train
val_dir,/home2/ai/data/detection/outdoor_corridor/validation
bin_step,0.02
num_bins,50
total_txt,99747
total_boxes,601242
missing_img,2
bad_img,0

metric,class_id,bin_lo,bin_hi,count
image_size_vs_bbox_area,ALL,0.0000,0.0200,494642
image_size_vs_bbox_area,ALL,0.0200,0.0400,40659
image_size_vs_bbox_area,ALL,0.0400,0.0600,16241
image_size_vs_bbox_area,ALL,0.0600,0.0800,11156
image_size_vs_bbox_area,ALL,0.0800,0.1000,6736
image_size_vs_bbox_area,ALL,0.1000,0.1200,6592
image_size_vs_bbox_area,ALL,0.1200,0.1400,4960
image_size_vs_bbox_area,ALL,0.1400,0.1600,3250
image_size_vs_bbox_area,ALL,0.1600,0.1800,2584
image_size_vs_bbox_area,ALL,0.1800,0.2000,2046
image_size_vs_bbox_area,ALL,0.2000,0.2200,2038
image_size_vs_bbox_area,ALL,0.2200,0.2400,1190
image_size_vs_bbox_area,ALL,0.2400,0.2600,1104
image_size_vs_bbox_area,ALL,0.2600,0.2800,838
image_size_vs_bbox_area,ALL,0.2800,0.3000,780
image_size_vs_bbox_area,ALL,0.3000,0.3200,576
image_size_vs_bbox_area,ALL,0.3200,0.3400,514
image_size_vs_bbox_area,ALL,0.3400,0.3600,420
image_size_vs_bbox_area,ALL,0.3600,0.3800,336
image_size_vs_bbox_area,ALL,0.3800,0.4000,328
image_size_vs_bbox_area,ALL,0.4000,0.4200,344
image_size_vs_bbox_area,ALL,0.4200,0.4400,218
image_size_vs_bbox_area,ALL,0.4400,0.4600,290
image_size_vs_bbox_area,ALL,0.4600,0.4800,282
image_size_vs_bbox_area,ALL,0.4800,0.5000,188
image_size_vs_bbox_area,ALL,0.5000,0.5200,200
image_size_vs_bbox_area,ALL,0.5200,0.5400,186
image_size_vs_bbox_area,ALL,0.5400,0.5600,182
image_size_vs_bbox_area,ALL,0.5600,0.5800,186
image_size_vs_bbox_area,ALL,0.5800,0.6000,194
image_size_vs_bbox_area,ALL,0.6000,0.6200,206
image_size_vs_bbox_area,ALL,0.6200,0.6400,192
image_size_vs_bbox_area,ALL,0.6400,0.6600,198
image_size_vs_bbox_area,ALL,0.6600,0.6800,216
image_size_vs_bbox_area,ALL,0.6800,0.7000,200
image_size_vs_bbox_area,ALL,0.7000,0.7200,210
image_size_vs_bbox_area,ALL,0.7200,0.7400,150
image_size_vs_bbox_area,ALL,0.7400,0.7600,114
image_size_vs_bbox_area,ALL,0.7600,0.7800,96
image_size_vs_bbox_area,ALL,0.7800,0.8000,96
image_size_vs_bbox_area,ALL,0.8000,0.8200,58
image_size_vs_bbox_area,ALL,0.8200,0.8400,66
image_size_vs_bbox_area,ALL,0.8400,0.8600,58
image_size_vs_bbox_area,ALL,0.8600,0.8800,26
image_size_vs_bbox_area,ALL,0.8800,0.9000,36
image_size_vs_bbox_area,ALL,0.9000,0.9200,34
image_size_vs_bbox_area,ALL,0.9200,0.9400,14
image_size_vs_bbox_area,ALL,0.9400,0.9600,10
image_size_vs_bbox_area,ALL,0.9600,0.9800,2
image_size_vs_bbox_area,ALL,0.9800,1.0000,0
image_width_vs_bbox_width,ALL,0.0000,0.0200,26049
image_width_vs_bbox_width,ALL,0.0200,0.0400,77860
image_width_vs_bbox_width,ALL,0.0400,0.0600,108841
image_width_vs_bbox_width,ALL,0.0600,0.0800,99975
image_width_vs_bbox_width,ALL,0.0800,0.1000,51247
image_width_vs_bbox_width,ALL,0.1000,0.1200,42590
image_width_vs_bbox_width,ALL,0.1200,0.1400,45516
image_width_vs_bbox_width,ALL,0.1400,0.1600,29873
image_width_vs_bbox_width,ALL,0.1600,0.1800,20735
image_width_vs_bbox_width,ALL,0.1800,0.2000,14839
image_width_vs_bbox_width,ALL,0.2000,0.2200,11307
image_width_vs_bbox_width,ALL,0.2200,0.2400,10826
image_width_vs_bbox_width,ALL,0.2400,0.2600,8994
image_width_vs_bbox_width,ALL,0.2600,0.2800,5779
image_width_vs_bbox_width,ALL,0.2800,0.3000,4573
image_width_vs_bbox_width,ALL,0.3000,0.3200,4062
image_width_vs_bbox_width,ALL,0.3200,0.3400,3028
image_width_vs_bbox_width,ALL,0.3400,0.3600,2812
image_width_vs_bbox_width,ALL,0.3600,0.3800,2331
image_width_vs_bbox_width,ALL,0.3800,0.4000,1989
image_width_vs_bbox_width,ALL,0.4000,0.4200,2178
image_width_vs_bbox_width,ALL,0.4200,0.4400,1723
image_width_vs_bbox_width,ALL,0.4400,0.4600,1573
image_width_vs_bbox_width,ALL,0.4600,0.4800,1377
image_width_vs_bbox_width,ALL,0.4800,0.5000,1191
image_width_vs_bbox_width,ALL,0.5000,0.5200,1056
image_width_vs_bbox_width,ALL,0.5200,0.5400,1323
image_width_vs_bbox_width,ALL,0.5400,0.5600,1071
image_width_vs_bbox_width,ALL,0.5600,0.5800,1169
image_width_vs_bbox_width,ALL,0.5800,0.6000,1022
image_width_vs_bbox_width,ALL,0.6000,0.6200,1053
image_width_vs_bbox_width,ALL,0.6200,0.6400,1016
image_width_vs_bbox_width,ALL,0.6400,0.6600,947
image_width_vs_bbox_width,ALL,0.6600,0.6800,946
image_width_vs_bbox_width,ALL,0.6800,0.7000,915
image_width_vs_bbox_width,ALL,0.7000,0.7200,917
image_width_vs_bbox_width,ALL,0.7200,0.7400,839
image_width_vs_bbox_width,ALL,0.7400,0.7600,791
image_width_vs_bbox_width,ALL,0.7600,0.7800,759
image_width_vs_bbox_width,ALL,0.7800,0.8000,699
image_width_vs_bbox_width,ALL,0.8000,0.8200,674
image_width_vs_bbox_width,ALL,0.8200,0.8400,605
image_width_vs_bbox_width,ALL,0.8400,0.8600,605
image_width_vs_bbox_width,ALL,0.8600,0.8800,517
image_width_vs_bbox_width,ALL,0.8800,0.9000,530
image_width_vs_bbox_width,ALL,0.9000,0.9200,479
image_width_vs_bbox_width,ALL,0.9200,0.9400,485
image_width_vs_bbox_width,ALL,0.9400,0.9600,345
image_width_vs_bbox_width,ALL,0.9600,0.9800,339
image_width_vs_bbox_width,ALL,0.9800,1.0000,872
image_height_vs_bbox_height,ALL,0.0000,0.0200,26049
image_height_vs_bbox_height,ALL,0.0200,0.0400,77858
image_height_vs_bbox_height,ALL,0.0400,0.0600,108839
image_height_vs_bbox_height,ALL,0.0600,0.0800,99973
image_height_vs_bbox_height,ALL,0.0800,0.1000,51248
image_height_vs_bbox_height,ALL,0.1000,0.1200,42588
image_height_vs_bbox_height,ALL,0.1200,0.1400,45514
image_height_vs_bbox_height,ALL,0.1400,0.1600,29873
image_height_vs_bbox_height,ALL,0.1600,0.1800,20736
image_height_vs_bbox_height,ALL,0.1800,0.2000,14839
image_height_vs_bbox_height,ALL,0.2000,0.2200,11310
image_height_vs_bbox_height,ALL,0.2200,0.2400,10826
image_height_vs_bbox_height,ALL,0.2400,0.2600,8996
image_height_vs_bbox_height,ALL,0.2600,0.2800,5779
image_height_vs_bbox_height,ALL,0.2800,0.3000,4574
image_height_vs_bbox_height,ALL,0.3000,0.3200,4063
image_height_vs_bbox_height,ALL,0.3200,0.3400,3028
image_height_vs_bbox_height,ALL,0.3400,0.3600,2813
image_height_vs_bbox_height,ALL,0.3600,0.3800,2331
image_height_vs_bbox_height,ALL,0.3800,0.4000,1989
image_height_vs_bbox_height,ALL,0.4000,0.4200,2178
image_height_vs_bbox_height,ALL,0.4200,0.4400,1723
image_height_vs_bbox_height,ALL,0.4400,0.4600,1573
image_height_vs_bbox_height,ALL,0.4600,0.4800,1377
image_height_vs_bbox_height,ALL,0.4800,0.5000,1191
image_height_vs_bbox_height,ALL,0.5000,0.5200,1056
image_height_vs_bbox_height,ALL,0.5200,0.5400,1323
image_height_vs_bbox_height,ALL,0.5400,0.5600,1071
image_height_vs_bbox_height,ALL,0.5600,0.5800,1169
image_height_vs_bbox_height,ALL,0.5800,0.6000,1022
image_height_vs_bbox_height,ALL,0.6000,0.6200,1053
image_height_vs_bbox_height,ALL,0.6200,0.6400,1016
image_height_vs_bbox_height,ALL,0.6400,0.6600,947
image_height_vs_bbox_height,ALL,0.6600,0.6800,946
image_height_vs_bbox_height,ALL,0.6800,0.7000,915
image_height_vs_bbox_height,ALL,0.7000,0.7200,917
image_height_vs_bbox_height,ALL,0.7200,0.7400,839
image_height_vs_bbox_height,ALL,0.7400,0.7600,791
image_height_vs_bbox_height,ALL,0.7600,0.7800,759
image_height_vs_bbox_height,ALL,0.7800,0.8000,699
image_height_vs_bbox_height,ALL,0.8000,0.8200,674
image_height_vs_bbox_height,ALL,0.8200,0.8400,605
image_height_vs_bbox_height,ALL,0.8400,0.8600,605
image_height_vs_bbox_height,ALL,0.8600,0.8800,517
image_height_vs_bbox_height,ALL,0.8800,0.9000,530
image_height_vs_bbox_height,ALL,0.9000,0.9200,479
image_height_vs_bbox_height,ALL,0.9200,0.9400,485
image_height_vs_bbox_height,ALL,0.9400,0.9600,345
image_height_vs_bbox_height,ALL,0.9600,0.9800,339
image_height_vs_bbox_height,ALL,0.9800,1.0000,872
image_size_vs_bbox_area,0,0.0000,0.0200,187764
image_size_vs_bbox_area,0,0.0200,0.0400,17845
image_size_vs_bbox_area,0,0.0400,0.0600,9143
image_size_vs_bbox_area,0,0.0600,0.0800,6668
image_size_vs_bbox_area,0,0.0800,0.1000,4966
image_size_vs_bbox_area,0,0.1000,0.1200,4316
image_size_vs_bbox_area,0,0.1200,0.1400,3490
image_size_vs_bbox_area,0,0.1400,0.1600,2632
image_size_vs_bbox_area,0,0.1600,0.1800,2214
image_size_vs_bbox_area,0,0.1800,0.2000,1742
image_size_vs_bbox_area,0,0.2000,0.2200,1362
image_size_vs_bbox_area,0,0.2200,0.2400,1110
image_size_vs_bbox_area,0,0.2400,0.2600,1012
image_size_vs_bbox_area,0,0.2600,0.2800,804
image_size_vs_bbox_area,0,0.2800,0.3000,696
image_size_vs_bbox_area,0,0.3000,0.3200,538
image_size_vs_bbox_area,0,0.3200,0.3400,466
image_size_vs_bbox_area,0,0.3400,0.3600,414
image_size_vs_bbox_area,0,0.3600,0.3800,322
image_size_vs_bbox_area,0,0.3800,0.4000,316
image_size_vs_bbox_area,0,0.4000,0.4200,340
image_size_vs_bbox_area,0,0.4200,0.4400,210
image_size_vs_bbox_area,0,0.4400,0.4600,272
image_size_vs_bbox_area,0,0.4600,0.4800,278
image_size_vs_bbox_area,0,0.4800,0.5000,188
image_size_vs_bbox_area,0,0.5000,0.5200,200
image_size_vs_bbox_area,0,0.5200,0.5400,186
image_size_vs_bbox_area,0,0.5400,0.5600,182
image_size_vs_bbox_area,0,0.5600,0.5800,182
image_size_vs_bbox_area,0,0.5800,0.6000,194
image_size_vs_bbox_area,0,0.6000,0.6200,206
image_size_vs_bbox_area,0,0.6200,0.6400,192
image_size_vs_bbox_area,0,0.6400,0.6600,196
image_size_vs_bbox_area,0,0.6600,0.6800,216
image_size_vs_bbox_area,0,0.6800,0.7000,200
image_size_vs_bbox_area,0,0.7000,0.7200,210
image_size_vs_bbox_area,0,0.7200,0.7400,148
image_size_vs_bbox_area,0,0.7400,0.7600,112
image_size_vs_bbox_area,0,0.7600,0.7800,94
image_size_vs_bbox_area,0,0.7800,0.8000,96
image_size_vs_bbox_area,0,0.8000,0.8200,58
image_size_vs_bbox_area,0,0.8200,0.8400,66
image_size_vs_bbox_area,0,0.8400,0.8600,56
image_size_vs_bbox_area,0,0.8600,0.8800,26
image_size_vs_bbox_area,0,0.8800,0.9000,36
image_size_vs_bbox_area,0,0.9000,0.9200,34
image_size_vs_bbox_area,0,0.9200,0.9400,14
image_size_vs_bbox_area,0,0.9400,0.9600,10
image_size_vs_bbox_area,0,0.9600,0.9800,2
image_size_vs_bbox_area,0,0.9800,1.0000,0
image_width_vs_bbox_width,0,0.0000,0.0200,19674
image_width_vs_bbox_width,0,0.0200,0.0400,44545
image_width_vs_bbox_width,0,0.0400,0.0600,28645
image_width_vs_bbox_width,0,0.0600,0.0800,19936
image_width_vs_bbox_width,0,0.0800,0.1000,17206
image_width_vs_bbox_width,0,0.1000,0.1200,16905
image_width_vs_bbox_width,0,0.1200,0.1400,14327
image_width_vs_bbox_width,0,0.1400,0.1600,12009
image_width_vs_bbox_width,0,0.1600,0.1800,9929
image_width_vs_bbox_width,0,0.1800,0.2000,8626
image_width_vs_bbox_width,0,0.2000,0.2200,7576
image_width_vs_bbox_width,0,0.2200,0.2400,6787
image_width_vs_bbox_width,0,0.2400,0.2600,5723
image_width_vs_bbox_width,0,0.2600,0.2800,3970
image_width_vs_bbox_width,0,0.2800,0.3000,3122
image_width_vs_bbox_width,0,0.3000,0.3200,2340
image_width_vs_bbox_width,0,0.3200,0.3400,2006
image_width_vs_bbox_width,0,0.3400,0.3600,1572
image_width_vs_bbox_width,0,0.3600,0.3800,1395
image_width_vs_bbox_width,0,0.3800,0.4000,1234
image_width_vs_bbox_width,0,0.4000,0.4200,1191
image_width_vs_bbox_width,0,0.4200,0.4400,1222
image_width_vs_bbox_width,0,0.4400,0.4600,1295
image_width_vs_bbox_width,0,0.4600,0.4800,1117
image_width_vs_bbox_width,0,0.4800,0.5000,1014
image_width_vs_bbox_width,0,0.5000,0.5200,946
image_width_vs_bbox_width,0,0.5200,0.5400,965
image_width_vs_bbox_width,0,0.5400,0.5600,940
image_width_vs_bbox_width,0,0.5600,0.5800,912
image_width_vs_bbox_width,0,0.5800,0.6000,954
image_width_vs_bbox_width,0,0.6000,0.6200,936
image_width_vs_bbox_width,0,0.6200,0.6400,948
image_width_vs_bbox_width,0,0.6400,0.6600,918
image_width_vs_bbox_width,0,0.6600,0.6800,894
image_width_vs_bbox_width,0,0.6800,0.7000,896
image_width_vs_bbox_width,0,0.7000,0.7200,906
image_width_vs_bbox_width,0,0.7200,0.7400,803
image_width_vs_bbox_width,0,0.7400,0.7600,779
image_width_vs_bbox_width,0,0.7600,0.7800,748
image_width_vs_bbox_width,0,0.7800,0.8000,696
image_width_vs_bbox_width,0,0.8000,0.8200,671
image_width_vs_bbox_width,0,0.8200,0.8400,601
image_width_vs_bbox_width,0,0.8400,0.8600,599
image_width_vs_bbox_width,0,0.8600,0.8800,513
image_width_vs_bbox_width,0,0.8800,0.9000,526
image_width_vs_bbox_width,0,0.9000,0.9200,478
image_width_vs_bbox_width,0,0.9200,0.9400,483
image_width_vs_bbox_width,0,0.9400,0.9600,344
image_width_vs_bbox_width,0,0.9600,0.9800,337
image_width_vs_bbox_width,0,0.9800,1.0000,865
image_height_vs_bbox_height,0,0.0000,0.0200,19674
image_height_vs_bbox_height,0,0.0200,0.0400,44543
image_height_vs_bbox_height,0,0.0400,0.0600,28643
image_height_vs_bbox_height,0,0.0600,0.0800,19934
image_height_vs_bbox_height,0,0.0800,0.1000,17207
image_height_vs_bbox_height,0,0.1000,0.1200,16903
image_height_vs_bbox_height,0,0.1200,0.1400,14325
image_height_vs_bbox_height,0,0.1400,0.1600,12009
image_height_vs_bbox_height,0,0.1600,0.1800,9930
image_height_vs_bbox_height,0,0.1800,0.2000,8626
image_height_vs_bbox_height,0,0.2000,0.2200,7579
image_height_vs_bbox_height,0,0.2200,0.2400,6787
image_height_vs_bbox_height,0,0.2400,0.2600,5725
image_height_vs_bbox_height,0,0.2600,0.2800,3970
image_height_vs_bbox_height,0,0.2800,0.3000,3123
image_height_vs_bbox_height,0,0.3000,0.3200,2341
image_height_vs_bbox_height,0,0.3200,0.3400,2006
image_height_vs_bbox_height,0,0.3400,0.3600,1573
image_height_vs_bbox_height,0,0.3600,0.3800,1395
image_height_vs_bbox_height,0,0.3800,0.4000,1234
image_height_vs_bbox_height,0,0.4000,0.4200,1191
image_height_vs_bbox_height,0,0.4200,0.4400,1222
image_height_vs_bbox_height,0,0.4400,0.4600,1295
image_height_vs_bbox_height,0,0.4600,0.4800,1117
image_height_vs_bbox_height,0,0.4800,0.5000,1014
image_height_vs_bbox_height,0,0.5000,0.5200,946
image_height_vs_bbox_height,0,0.5200,0.5400,965
image_height_vs_bbox_height,0,0.5400,0.5600,940
image_height_vs_bbox_height,0,0.5600,0.5800,912
image_height_vs_bbox_height,0,0.5800,0.6000,954
image_height_vs_bbox_height,0,0.6000,0.6200,936
image_height_vs_bbox_height,0,0.6200,0.6400,948
image_height_vs_bbox_height,0,0.6400,0.6600,918
image_height_vs_bbox_height,0,0.6600,0.6800,894
image_height_vs_bbox_height,0,0.6800,0.7000,896
image_height_vs_bbox_height,0,0.7000,0.7200,906
image_height_vs_bbox_height,0,0.7200,0.7400,803
image_height_vs_bbox_height,0,0.7400,0.7600,779
image_height_vs_bbox_height,0,0.7600,0.7800,748
image_height_vs_bbox_height,0,0.7800,0.8000,696
image_height_vs_bbox_height,0,0.8000,0.8200,671
image_height_vs_bbox_height,0,0.8200,0.8400,601
image_height_vs_bbox_height,0,0.8400,0.8600,599
image_height_vs_bbox_height,0,0.8600,0.8800,513
image_height_vs_bbox_height,0,0.8800,0.9000,526
image_height_vs_bbox_height,0,0.9000,0.9200,478
image_height_vs_bbox_height,0,0.9200,0.9400,483
image_height_vs_bbox_height,0,0.9400,0.9600,344
image_height_vs_bbox_height,0,0.9600,0.9800,337
image_height_vs_bbox_height,0,0.9800,1.0000,865
image_size_vs_bbox_area,1,0.0000,0.0200,282996
image_size_vs_bbox_area,1,0.0200,0.0400,21430
image_size_vs_bbox_area,1,0.0400,0.0600,6768
image_size_vs_bbox_area,1,0.0600,0.0800,4378
image_size_vs_bbox_area,1,0.0800,0.1000,1720
image_size_vs_bbox_area,1,0.1000,0.1200,2252
image_size_vs_bbox_area,1,0.1200,0.1400,1466
image_size_vs_bbox_area,1,0.1400,0.1600,610
image_size_vs_bbox_area,1,0.1600,0.1800,364
image_size_vs_bbox_area,1,0.1800,0.2000,302
image_size_vs_bbox_area,1,0.2000,0.2200,668
image_size_vs_bbox_area,1,0.2200,0.2400,78
image_size_vs_bbox_area,1,0.2400,0.2600,90
image_size_vs_bbox_area,1,0.2600,0.2800,30
image_size_vs_bbox_area,1,0.2800,0.3000,82
image_size_vs_bbox_area,1,0.3000,0.3200,38
image_size_vs_bbox_area,1,0.3200,0.3400,48
image_size_vs_bbox_area,1,0.3400,0.3600,6
image_size_vs_bbox_area,1,0.3600,0.3800,14
image_size_vs_bbox_area,1,0.3800,0.4000,12
image_size_vs_bbox_area,1,0.4000,0.4200,4
image_size_vs_bbox_area,1,0.4200,0.4400,6
image_size_vs_bbox_area,1,0.4400,0.4600,14
image_size_vs_bbox_area,1,0.4600,0.4800,2
image_size_vs_bbox_area,1,0.4800,0.5000,0
image_size_vs_bbox_area,1,0.5000,0.5200,0
image_size_vs_bbox_area,1,0.5200,0.5400,0
image_size_vs_bbox_area,1,0.5400,0.5600,0
image_size_vs_bbox_area,1,0.5600,0.5800,4
image_size_vs_bbox_area,1,0.5800,0.6000,0
image_size_vs_bbox_area,1,0.6000,0.6200,0
image_size_vs_bbox_area,1,0.6200,0.6400,0
image_size_vs_bbox_area,1,0.6400,0.6600,2
image_size_vs_bbox_area,1,0.6600,0.6800,0
image_size_vs_bbox_area,1,0.6800,0.7000,0
image_size_vs_bbox_area,1,0.7000,0.7200,0
image_size_vs_bbox_area,1,0.7200,0.7400,2
image_size_vs_bbox_area,1,0.7400,0.7600,2
image_size_vs_bbox_area,1,0.7600,0.7800,2
image_size_vs_bbox_area,1,0.7800,0.8000,0
image_size_vs_bbox_area,1,0.8000,0.8200,0
image_size_vs_bbox_area,1,0.8200,0.8400,0
image_size_vs_bbox_area,1,0.8400,0.8600,2
image_size_vs_bbox_area,1,0.8600,0.8800,0
image_size_vs_bbox_area,1,0.8800,0.9000,0
image_size_vs_bbox_area,1,0.9000,0.9200,0
image_size_vs_bbox_area,1,0.9200,0.9400,0
image_size_vs_bbox_area,1,0.9400,0.9600,0
image_size_vs_bbox_area,1,0.9600,0.9800,0
image_size_vs_bbox_area,1,0.9800,1.0000,0
image_width_vs_bbox_width,1,0.0000,0.0200,5760
image_width_vs_bbox_width,1,0.0200,0.0400,27638
image_width_vs_bbox_width,1,0.0400,0.0600,76711
image_width_vs_bbox_width,1,0.0600,0.0800,76132
image_width_vs_bbox_width,1,0.0800,0.1000,30939
image_width_vs_bbox_width,1,0.1000,0.1200,23472
image_width_vs_bbox_width,1,0.1200,0.1400,27958
image_width_vs_bbox_width,1,0.1400,0.1600,16450
image_width_vs_bbox_width,1,0.1600,0.1800,10191
image_width_vs_bbox_width,1,0.1800,0.2000,5760
image_width_vs_bbox_width,1,0.2000,0.2200,3432
image_width_vs_bbox_width,1,0.2200,0.2400,3854
image_width_vs_bbox_width,1,0.2400,0.2600,3054
image_width_vs_bbox_width,1,0.2600,0.2800,1732
image_width_vs_bbox_width,1,0.2800,0.3000,1373
image_width_vs_bbox_width,1,0.3000,0.3200,1637
image_width_vs_bbox_width,1,0.3200,0.3400,957
image_width_vs_bbox_width,1,0.3400,0.3600,1224
image_width_vs_bbox_width,1,0.3600,0.3800,923
image_width_vs_bbox_width,1,0.3800,0.4000,749
image_width_vs_bbox_width,1,0.4000,0.4200,979
image_width_vs_bbox_width,1,0.4200,0.4400,486
image_width_vs_bbox_width,1,0.4400,0.4600,267
image_width_vs_bbox_width,1,0.4600,0.4800,251
image_width_vs_bbox_width,1,0.4800,0.5000,171
image_width_vs_bbox_width,1,0.5000,0.5200,106
image_width_vs_bbox_width,1,0.5200,0.5400,355
image_width_vs_bbox_width,1,0.5400,0.5600,124
image_width_vs_bbox_width,1,0.5600,0.5800,256
image_width_vs_bbox_width,1,0.5800,0.6000,67
image_width_vs_bbox_width,1,0.6000,0.6200,116
image_width_vs_bbox_width,1,0.6200,0.6400,67
image_width_vs_bbox_width,1,0.6400,0.6600,27
image_width_vs_bbox_width,1,0.6600,0.6800,52
image_width_vs_bbox_width,1,0.6800,0.7000,19
image_width_vs_bbox_width,1,0.7000,0.7200,11
image_width_vs_bbox_width,1,0.7200,0.7400,35
image_width_vs_bbox_width,1,0.7400,0.7600,12
image_width_vs_bbox_width,1,0.7600,0.7800,10
image_width_vs_bbox_width,1,0.7800,0.8000,3
image_width_vs_bbox_width,1,0.8000,0.8200,3
image_width_vs_bbox_width,1,0.8200,0.8400,3
image_width_vs_bbox_width,1,0.8400,0.8600,5
image_width_vs_bbox_width,1,0.8600,0.8800,4
image_width_vs_bbox_width,1,0.8800,0.9000,4
image_width_vs_bbox_width,1,0.9000,0.9200,1
image_width_vs_bbox_width,1,0.9200,0.9400,2
image_width_vs_bbox_width,1,0.9400,0.9600,1
image_width_vs_bbox_width,1,0.9600,0.9800,2
image_width_vs_bbox_width,1,0.9800,1.0000,7
image_height_vs_bbox_height,1,0.0000,0.0200,5760
image_height_vs_bbox_height,1,0.0200,0.0400,27638
image_height_vs_bbox_height,1,0.0400,0.0600,76711
image_height_vs_bbox_height,1,0.0600,0.0800,76132
image_height_vs_bbox_height,1,0.0800,0.1000,30939
image_height_vs_bbox_height,1,0.1000,0.1200,23472
image_height_vs_bbox_height,1,0.1200,0.1400,27958
image_height_vs_bbox_height,1,0.1400,0.1600,16450
image_height_vs_bbox_height,1,0.1600,0.1800,10191
image_height_vs_bbox_height,1,0.1800,0.2000,5760
image_height_vs_bbox_height,1,0.2000,0.2200,3432
image_height_vs_bbox_height,1,0.2200,0.2400,3854
image_height_vs_bbox_height,1,0.2400,0.2600,3054
image_height_vs_bbox_height,1,0.2600,0.2800,1732
image_height_vs_bbox_height,1,0.2800,0.3000,1373
image_height_vs_bbox_height,1,0.3000,0.3200,1637
image_height_vs_bbox_height,1,0.3200,0.3400,957
image_height_vs_bbox_height,1,0.3400,0.3600,1224
image_height_vs_bbox_height,1,0.3600,0.3800,923
image_height_vs_bbox_height,1,0.3800,0.4000,749
image_height_vs_bbox_height,1,0.4000,0.4200,979
image_height_vs_bbox_height,1,0.4200,0.4400,486
image_height_vs_bbox_height,1,0.4400,0.4600,267
image_height_vs_bbox_height,1,0.4600,0.4800,251
image_height_vs_bbox_height,1,0.4800,0.5000,171
image_height_vs_bbox_height,1,0.5000,0.5200,106
image_height_vs_bbox_height,1,0.5200,0.5400,355
image_height_vs_bbox_height,1,0.5400,0.5600,124
image_height_vs_bbox_height,1,0.5600,0.5800,256
image_height_vs_bbox_height,1,0.5800,0.6000,67
image_height_vs_bbox_height,1,0.6000,0.6200,116
image_height_vs_bbox_height,1,0.6200,0.6400,67
image_height_vs_bbox_height,1,0.6400,0.6600,27
image_height_vs_bbox_height,1,0.6600,0.6800,52
image_height_vs_bbox_height,1,0.6800,0.7000,19
image_height_vs_bbox_height,1,0.7000,0.7200,11
image_height_vs_bbox_height,1,0.7200,0.7400,35
image_height_vs_bbox_height,1,0.7400,0.7600,12
image_height_vs_bbox_height,1,0.7600,0.7800,10
image_height_vs_bbox_height,1,0.7800,0.8000,3
image_height_vs_bbox_height,1,0.8000,0.8200,3
image_height_vs_bbox_height,1,0.8200,0.8400,3
image_height_vs_bbox_height,1,0.8400,0.8600,5
image_height_vs_bbox_height,1,0.8600,0.8800,4
image_height_vs_bbox_height,1,0.8800,0.9000,4
image_height_vs_bbox_height,1,0.9000,0.9200,1
image_height_vs_bbox_height,1,0.9200,0.9400,2
image_height_vs_bbox_height,1,0.9400,0.9600,1
image_height_vs_bbox_height,1,0.9600,0.9800,2
image_height_vs_bbox_height,1,0.9800,1.0000,7
image_size_vs_bbox_area,2,0.0000,0.0200,23882
image_size_vs_bbox_area,2,0.0200,0.0400,1384
image_size_vs_bbox_area,2,0.0400,0.0600,330
image_size_vs_bbox_area,2,0.0600,0.0800,110
image_size_vs_bbox_area,2,0.0800,0.1000,50
image_size_vs_bbox_area,2,0.1000,0.1200,24
image_size_vs_bbox_area,2,0.1200,0.1400,4
image_size_vs_bbox_area,2,0.1400,0.1600,8
image_size_vs_bbox_area,2,0.1600,0.1800,6
image_size_vs_bbox_area,2,0.1800,0.2000,2
image_size_vs_bbox_area,2,0.2000,0.2200,8
image_size_vs_bbox_area,2,0.2200,0.2400,2
image_size_vs_bbox_area,2,0.2400,0.2600,2
image_size_vs_bbox_area,2,0.2600,0.2800,4
image_size_vs_bbox_area,2,0.2800,0.3000,2
image_size_vs_bbox_area,2,0.3000,0.3200,0
image_size_vs_bbox_area,2,0.3200,0.3400,0
image_size_vs_bbox_area,2,0.3400,0.3600,0
image_size_vs_bbox_area,2,0.3600,0.3800,0
image_size_vs_bbox_area,2,0.3800,0.4000,0
image_size_vs_bbox_area,2,0.4000,0.4200,0
image_size_vs_bbox_area,2,0.4200,0.4400,2
image_size_vs_bbox_area,2,0.4400,0.4600,4
image_size_vs_bbox_area,2,0.4600,0.4800,2
image_size_vs_bbox_area,2,0.4800,0.5000,0
image_size_vs_bbox_area,2,0.5000,0.5200,0
image_size_vs_bbox_area,2,0.5200,0.5400,0
image_size_vs_bbox_area,2,0.5400,0.5600,0
image_size_vs_bbox_area,2,0.5600,0.5800,0
image_size_vs_bbox_area,2,0.5800,0.6000,0
image_size_vs_bbox_area,2,0.6000,0.6200,0
image_size_vs_bbox_area,2,0.6200,0.6400,0
image_size_vs_bbox_area,2,0.6400,0.6600,0
image_size_vs_bbox_area,2,0.6600,0.6800,0
image_size_vs_bbox_area,2,0.6800,0.7000,0
image_size_vs_bbox_area,2,0.7000,0.7200,0
image_size_vs_bbox_area,2,0.7200,0.7400,0
image_size_vs_bbox_area,2,0.7400,0.7600,0
image_size_vs_bbox_area,2,0.7600,0.7800,0
image_size_vs_bbox_area,2,0.7800,0.8000,0
image_size_vs_bbox_area,2,0.8000,0.8200,0
image_size_vs_bbox_area,2,0.8200,0.8400,0
image_size_vs_bbox_area,2,0.8400,0.8600,0
image_size_vs_bbox_area,2,0.8600,0.8800,0
image_size_vs_bbox_area,2,0.8800,0.9000,0
image_size_vs_bbox_area,2,0.9000,0.9200,0
image_size_vs_bbox_area,2,0.9200,0.9400,0
image_size_vs_bbox_area,2,0.9400,0.9600,0
image_size_vs_bbox_area,2,0.9600,0.9800,0
image_size_vs_bbox_area,2,0.9800,1.0000,0
image_width_vs_bbox_width,2,0.0000,0.0200,615
image_width_vs_bbox_width,2,0.0200,0.0400,5677
image_width_vs_bbox_width,2,0.0400,0.0600,3485
image_width_vs_bbox_width,2,0.0600,0.0800,3907
image_width_vs_bbox_width,2,0.0800,0.1000,3102
image_width_vs_bbox_width,2,0.1000,0.1200,2213
image_width_vs_bbox_width,2,0.1200,0.1400,3231
image_width_vs_bbox_width,2,0.1400,0.1600,1414
image_width_vs_bbox_width,2,0.1600,0.1800,615
image_width_vs_bbox_width,2,0.1800,0.2000,453
image_width_vs_bbox_width,2,0.2000,0.2200,299
image_width_vs_bbox_width,2,0.2200,0.2400,185
image_width_vs_bbox_width,2,0.2400,0.2600,217
image_width_vs_bbox_width,2,0.2600,0.2800,77
image_width_vs_bbox_width,2,0.2800,0.3000,78
image_width_vs_bbox_width,2,0.3000,0.3200,85
image_width_vs_bbox_width,2,0.3200,0.3400,65
image_width_vs_bbox_width,2,0.3400,0.3600,16
image_width_vs_bbox_width,2,0.3600,0.3800,13
image_width_vs_bbox_width,2,0.3800,0.4000,6
image_width_vs_bbox_width,2,0.4000,0.4200,8
image_width_vs_bbox_width,2,0.4200,0.4400,15
image_width_vs_bbox_width,2,0.4400,0.4600,11
image_width_vs_bbox_width,2,0.4600,0.4800,9
image_width_vs_bbox_width,2,0.4800,0.5000,6
image_width_vs_bbox_width,2,0.5000,0.5200,4
image_width_vs_bbox_width,2,0.5200,0.5400,3
image_width_vs_bbox_width,2,0.5400,0.5600,7
image_width_vs_bbox_width,2,0.5600,0.5800,1
image_width_vs_bbox_width,2,0.5800,0.6000,1
image_width_vs_bbox_width,2,0.6000,0.6200,1
image_width_vs_bbox_width,2,0.6200,0.6400,1
image_width_vs_bbox_width,2,0.6400,0.6600,2
image_width_vs_bbox_width,2,0.6600,0.6800,0
image_width_vs_bbox_width,2,0.6800,0.7000,0
image_width_vs_bbox_width,2,0.7000,0.7200,0
image_width_vs_bbox_width,2,0.7200,0.7400,1
image_width_vs_bbox_width,2,0.7400,0.7600,0
image_width_vs_bbox_width,2,0.7600,0.7800,1
image_width_vs_bbox_width,2,0.7800,0.8000,0
image_width_vs_bbox_width,2,0.8000,0.8200,0
image_width_vs_bbox_width,2,0.8200,0.8400,1
image_width_vs_bbox_width,2,0.8400,0.8600,1
image_width_vs_bbox_width,2,0.8600,0.8800,0
image_width_vs_bbox_width,2,0.8800,0.9000,0
image_width_vs_bbox_width,2,0.9000,0.9200,0
image_width_vs_bbox_width,2,0.9200,0.9400,0
image_width_vs_bbox_width,2,0.9400,0.9600,0
image_width_vs_bbox_width,2,0.9600,0.9800,0
image_width_vs_bbox_width,2,0.9800,1.0000,0
image_height_vs_bbox_height,2,0.0000,0.0200,615
image_height_vs_bbox_height,2,0.0200,0.0400,5677
image_height_vs_bbox_height,2,0.0400,0.0600,3485
image_height_vs_bbox_height,2,0.0600,0.0800,3907
image_height_vs_bbox_height,2,0.0800,0.1000,3102
image_height_vs_bbox_height,2,0.1000,0.1200,2213
image_height_vs_bbox_height,2,0.1200,0.1400,3231
image_height_vs_bbox_height,2,0.1400,0.1600,1414
image_height_vs_bbox_height,2,0.1600,0.1800,615
image_height_vs_bbox_height,2,0.1800,0.2000,453
image_height_vs_bbox_height,2,0.2000,0.2200,299
image_height_vs_bbox_height,2,0.2200,0.2400,185
image_height_vs_bbox_height,2,0.2400,0.2600,217
image_height_vs_bbox_height,2,0.2600,0.2800,77
image_height_vs_bbox_height,2,0.2800,0.3000,78
image_height_vs_bbox_height,2,0.3000,0.3200,85
image_height_vs_bbox_height,2,0.3200,0.3400,65
image_height_vs_bbox_height,2,0.3400,0.3600,16
image_height_vs_bbox_height,2,0.3600,0.3800,13
image_height_vs_bbox_height,2,0.3800,0.4000,6
image_height_vs_bbox_height,2,0.4000,0.4200,8
image_height_vs_bbox_height,2,0.4200,0.4400,15
image_height_vs_bbox_height,2,0.4400,0.4600,11
image_height_vs_bbox_height,2,0.4600,0.4800,9
image_height_vs_bbox_height,2,0.4800,0.5000,6
image_height_vs_bbox_height,2,0.5000,0.5200,4
image_height_vs_bbox_height,2,0.5200,0.5400,3
image_height_vs_bbox_height,2,0.5400,0.5600,7
image_height_vs_bbox_height,2,0.5600,0.5800,1
image_height_vs_bbox_height,2,0.5800,0.6000,1
image_height_vs_bbox_height,2,0.6000,0.6200,1
image_height_vs_bbox_height,2,0.6200,0.6400,1
image_height_vs_bbox_height,2,0.6400,0.6600,2
image_height_vs_bbox_height,2,0.6600,0.6800,0
image_height_vs_bbox_height,2,0.6800,0.7000,0
image_height_vs_bbox_height,2,0.7000,0.7200,0
image_height_vs_bbox_height,2,0.7200,0.7400,1
image_height_vs_bbox_height,2,0.7400,0.7600,0
image_height_vs_bbox_height,2,0.7600,0.7800,1
image_height_vs_bbox_height,2,0.7800,0.8000,0
image_height_vs_bbox_height,2,0.8000,0.8200,0
image_height_vs_bbox_height,2,0.8200,0.8400,1
image_height_vs_bbox_height,2,0.8400,0.8600,1
image_height_vs_bbox_height,2,0.8600,0.8800,0
image_height_vs_bbox_height,2,0.8800,0.9000,0
image_height_vs_bbox_height,2,0.9000,0.9200,0
image_height_vs_bbox_height,2,0.9200,0.9400,0
image_height_vs_bbox_height,2,0.9400,0.9600,0
image_height_vs_bbox_height,2,0.9600,0.9800,0
image_height_vs_bbox_height,2,0.9800,1.0000,0
